"x","y","z","top","DateTime","segment","H1.detections","H2.detections","H3.detections","H4.detections"
10.3324420511058,11.3567886023177,4.3310772678037,3591.14424200656,2017-12-07 00:59:59,1,0.520661157024793,0.760330578512397,0.87603305785124,0.900826446280992
10.1349192591397,11.3289165880351,4.31697630298313,3592.14417341856,2017-12-07 01:00:00,1,0.520661157024793,0.760330578512397,0.87603305785124,0.900826446280992
9.98108490963368,11.3113800474818,4.26831838169464,3593.14410490219,2017-12-07 01:00:01,1,0.520661157024793,0.760330578512397,0.87603305785124,0.900826446280992
10.0249160105786,11.2990973004797,4.26133524628798,3594.14403706928,2017-12-07 01:00:02,1,0.520661157024793,0.760330578512397,0.87603305785124,0.900826446280992
9.5269423861656,11.3538669370734,4.21712624852216,3595.14397030017,2017-12-07 01:00:03,1,0.520661157024793,0.760330578512397,0.87603305785124,0.900826446280992
9.91682692364857,11.5224476305573,4.15021688878697,3596.14390410994,2017-12-07 01:00:04,1,0.520661157024793,0.760330578512397,0.87603305785124,0.900826446280992
9.90743730265672,11.5846343614156,4.0883093433497,3597.14383751214,2017-12-07 01:00:05,1,0.520661157024793,0.760330578512397,0.87603305785124,0.900826446280992
10.1023223793289,11.7219784861452,4.02499549601032,3598.14376996675,2017-12-07 01:00:06,1,0.520661157024793,0.760330578512397,0.87603305785124,0.900826446280992
10.0677224210671,11.8859005392283,3.98672931358909,3599.14370075772,2017-12-07 01:00:07,1,0.520661157024793,0.760330578512397,0.87603305785124,0.900826446280992
9.94771391197166,11.9361443911818,3.97584538746985,3600.14362924264,2017-12-07 01:00:08,1,0.520661157024793,0.760330578512397,0.87603305785124,0.900826446280992
9.68119538668771,11.8732619950707,4.0292931144784,3601.14355516169,2017-12-07 01:00:09,1,0.520661157024793,0.760330578512397,0.87603305785124,0.900826446280992
9.41346742986166,11.9075251385468,4.08255311344826,3602.14347854428,2017-12-07 01:00:10,1,0.520661157024793,0.760330578512397,0.87603305785124,0.900826446280992
9.17546338341415,11.8739785386164,4.13271612017867,3603.14339932457,2017-12-07 01:00:11,1,0.520661157024793,0.760330578512397,0.87603305785124,0.900826446280992
8.80285287125755,11.8604322101913,4.23053464360931,3604.14331796847,2017-12-07 01:00:12,1,0.520661157024793,0.760330578512397,0.87603305785124,0.900826446280992
8.99075907892566,12.1027651009455,4.30419744357145,3605.14323449662,2017-12-07 01:00:13,1,0.520661157024793,0.760330578512397,0.87603305785124,0.900826446280992
8.80619356182884,12.1000805286553,4.28918818092365,3606.14314795485,2017-12-07 01:00:14,1,0.520661157024793,0.760330578512397,0.87603305785124,0.900826446280992
8.75205324858091,12.0763314433886,4.29628714902179,3607.14305800547,2017-12-07 01:00:15,1,0.520661157024793,0.760330578512397,0.87603305785124,0.900826446280992
9.08113186507974,11.866465461392,4.32623719320998,3608.14296421052,2017-12-07 01:00:16,1,0.520661157024793,0.760330578512397,0.87603305785124,0.900826446280992
8.98500403641975,11.7040417577109,4.22840891878414,3609.14286669439,2017-12-07 01:00:17,1,0.520661157024793,0.760330578512397,0.87603305785124,0.900826446280992
9.00768260423239,11.4759839644272,4.17024975810113,3610.14276646575,2017-12-07 01:00:18,1,0.520661157024793,0.760330578512397,0.87603305785124,0.900826446280992
9.24228873576575,11.1375610781213,4.14167145660168,3611.14266440876,2017-12-07 01:00:19,1,0.520661157024793,0.760330578512397,0.87603305785124,0.900826446280992
9.2950089709652,10.8318068132298,4.11575140783515,3612.14256171277,2017-12-07 01:00:20,1,0.520661157024793,0.760330578512397,0.87603305785124,0.900826446280992
9.25998975147697,10.7072942758211,4.07332032547558,3613.14245940406,2017-12-07 01:00:21,1,0.520661157024793,0.760330578512397,0.87603305785124,0.900826446280992
9.24519029889686,10.4917380145202,4.02301022176535,3614.14235848565,2017-12-07 01:00:22,1,0.520661157024793,0.760330578512397,0.87603305785124,0.900826446280992
9.34178127333589,10.1763268978061,4.01789583215197,3615.14226011671,2017-12-07 01:00:23,1,0.520661157024793,0.760330578512397,0.87603305785124,0.900826446280992
9.18746595743908,9.90848356396446,3.97426716201827,3616.14216529652,2017-12-07 01:00:24,1,0.520661157024793,0.760330578512397,0.87603305785124,0.900826446280992
9.49537342052471,9.67905617025907,3.87811880274942,3617.14207443943,2017-12-07 01:00:25,1,0.520661157024793,0.760330578512397,0.87603305785124,0.900826446280992
9.60337038787097,9.4863550787489,3.78134659375623,3618.14198715545,2017-12-07 01:00:26,1,0.520661157024793,0.760330578512397,0.87603305785124,0.900826446280992
9.93403056544621,9.30189871552553,3.71285591611622,3619.14190319562,2017-12-07 01:00:27,1,0.520661157024793,0.760330578512397,0.87603305785124,0.900826446280992
10.1788223486215,9.23844164662984,3.68503017491278,3620.14182178638,2017-12-07 01:00:28,1,0.520661157024793,0.760330578512397,0.87603305785124,0.900826446280992
10.5135218986824,9.21771594613613,3.66705904230318,3621.14174282871,2017-12-07 01:00:29,1,0.520661157024793,0.760330578512397,0.87603305785124,0.900826446280992
10.8467061961844,9.2892989032335,3.58998270666175,3622.14166617047,2017-12-07 01:00:30,1,0.520661157024793,0.760330578512397,0.87603305785124,0.900826446280992
11.0310700439778,9.13195466936053,3.38060572374867,3623.14159144686,2017-12-07 01:00:31,1,0.520661157024793,0.760330578512397,0.87603305785124,0.900826446280992
11.4608156330495,8.96296737641471,3.22039655460182,3624.14151827221,2017-12-07 01:00:32,1,0.520661157024793,0.760330578512397,0.87603305785124,0.900826446280992
11.5619899582004,8.86579384782327,3.08764237319902,3625.14144634071,2017-12-07 01:00:33,1,0.520661157024793,0.760330578512397,0.87603305785124,0.900826446280992
11.6460735616841,8.73057160772489,2.96689032884924,3626.14137541859,2017-12-07 01:00:34,1,0.520661157024793,0.760330578512397,0.87603305785124,0.900826446280992
12.1313597175502,8.64561614617223,2.71381786009078,3627.14130534776,2017-12-07 01:00:35,1,0.520661157024793,0.760330578512397,0.87603305785124,0.900826446280992
12.759328742196,8.60783506169661,2.51370002957311,3628.14123551966,2017-12-07 01:00:36,1,0.520661157024793,0.760330578512397,0.87603305785124,0.900826446280992
12.7854790062905,8.67462381450872,2.46162782659484,3629.14116531864,2017-12-07 01:00:37,1,0.520661157024793,0.760330578512397,0.87603305785124,0.900826446280992
12.7204855463172,8.81960785750373,2.55336363176087,3630.14109477888,2017-12-07 01:00:38,1,0.520661157024793,0.760330578512397,0.87603305785124,0.900826446280992
12.5412043523475,8.89676664318537,2.6162955208572,3631.14102408295,2017-12-07 01:00:39,1,0.520661157024793,0.760330578512397,0.87603305785124,0.900826446280992
12.4454890751059,8.97257325460486,2.71967463214038,3632.14095309219,2017-12-07 01:00:40,1,0.520661157024793,0.760330578512397,0.87603305785124,0.900826446280992
12.4540143295992,9.00032153182698,2.7770809811528,3633.14088169721,2017-12-07 01:00:41,1,0.520661157024793,0.760330578512397,0.87603305785124,0.900826446280992
12.5015655395685,9.00751668806704,2.86718827185201,3634.14080956803,2017-12-07 01:00:42,1,0.520661157024793,0.760330578512397,0.87603305785124,0.900826446280992
11.9565210003071,9.13860609920375,3.06280267635636,3635.14073643103,2017-12-07 01:00:43,1,0.520661157024793,0.760330578512397,0.87603305785124,0.900826446280992
11.8611721654439,9.09770613837008,3.38916098695419,3636.14066254616,2017-12-07 01:00:44,1,0.520661157024793,0.760330578512397,0.87603305785124,0.900826446280992
11.8787688790587,9.13019763143512,3.58664584600465,3637.14058846697,2017-12-07 01:00:45,1,0.520661157024793,0.760330578512397,0.87603305785124,0.900826446280992
11.8425596785627,9.04156037367876,3.73440516443227,3638.14051434012,2017-12-07 01:00:46,1,0.520661157024793,0.760330578512397,0.87603305785124,0.900826446280992
11.8419207487076,8.98554231655286,3.87608619185739,3639.14044037423,2017-12-07 01:00:47,1,0.520661157024793,0.760330578512397,0.87603305785124,0.900826446280992
11.9252661060992,8.95609390689965,3.94546112903896,3640.14036670459,2017-12-07 01:00:48,1,0.520661157024793,0.760330578512397,0.87603305785124,0.900826446280992
11.8523934587243,8.83997634539569,4.01003161812313,3641.14029319096,2017-12-07 01:00:49,1,0.520661157024793,0.760330578512397,0.87603305785124,0.900826446280992
11.9455545578234,8.82261799518473,4.00973944378951,3642.14021986322,2017-12-07 01:00:50,1,0.520661157024793,0.760330578512397,0.87603305785124,0.900826446280992
12.0487544485022,8.72249929256426,4.02298463520343,3643.14014632693,2017-12-07 01:00:51,1,0.520661157024793,0.760330578512397,0.87603305785124,0.900826446280992
12.317526534222,8.67145036108013,4.02454194730855,3644.14007235725,2017-12-07 01:00:52,1,0.520661157024793,0.760330578512397,0.87603305785124,0.900826446280992
12.7902438011941,8.68035971296469,4.05004833286486,3645.13999755846,2017-12-07 01:00:53,1,0.520661157024793,0.760330578512397,0.87603305785124,0.900826446280992
12.6393441987645,8.80147738868365,4.22640769916807,3646.13992143867,2017-12-07 01:00:54,1,0.520661157024793,0.760330578512397,0.87603305785124,0.900826446280992
12.4017242500987,8.96484075937201,4.45880697156494,3647.13984393991,2017-12-07 01:00:55,1,0.520661157024793,0.760330578512397,0.87603305785124,0.900826446280992
12.7085616983494,9.24086433659544,4.65269855166076,3648.13976513008,2017-12-07 01:00:56,1,0.520661157024793,0.760330578512397,0.87603305785124,0.900826446280992
13.0054483927533,9.19185529766549,4.77485277540948,3649.13968431143,2017-12-07 01:00:57,1,0.520661157024793,0.760330578512397,0.87603305785124,0.900826446280992
12.5943552129459,9.22021738180069,4.89172607713414,3650.13960115093,2017-12-07 01:00:58,1,0.520661157024793,0.760330578512397,0.87603305785124,0.900826446280992
12.3799698736485,9.22485268423703,4.97440509762124,3651.13951540342,2017-12-07 01:00:59,1,0.520661157024793,0.760330578512397,0.87603305785124,0.900826446280992
12.0283763569556,9.04488763875547,4.8885353504652,3652.13942707187,2017-12-07 01:01:00,1,0.520661157024793,0.760330578512397,0.87603305785124,0.900826446280992
11.9557445847282,8.88372308431984,4.79753794056192,3653.13933678004,2017-12-07 01:01:01,1,0.520661157024793,0.760330578512397,0.87603305785124,0.900826446280992
11.9663059686522,8.86598056325887,4.7209674694545,3654.13924529116,2017-12-07 01:01:02,1,0.520661157024793,0.760330578512397,0.87603305785124,0.900826446280992
12.0560494813105,8.82918958291869,4.62918082870255,3655.1391529483,2017-12-07 01:01:03,1,0.520661157024793,0.760330578512397,0.87603305785124,0.900826446280992
12.0387255457532,8.85624262565233,4.52045535024449,3656.13906000257,2017-12-07 01:01:04,1,0.520661157024793,0.760330578512397,0.87603305785124,0.900826446280992
12.1731529323548,8.75317684182201,4.42604561709941,3657.13896646127,2017-12-07 01:01:05,1,0.520661157024793,0.760330578512397,0.87603305785124,0.900826446280992
12.0299553131135,8.62815712370161,4.38367911928224,3658.1388726547,2017-12-07 01:01:06,1,0.520661157024793,0.760330578512397,0.87603305785124,0.900826446280992
12.0241607849836,8.5855404540784,4.32667001690832,3659.13877899665,2017-12-07 01:01:07,1,0.520661157024793,0.760330578512397,0.87603305785124,0.900826446280992
12.0768217881816,8.55912873629555,4.27592145903147,3660.13868561321,2017-12-07 01:01:08,1,0.520661157024793,0.760330578512397,0.87603305785124,0.900826446280992
11.9215085918671,8.60213384100449,4.16347872186428,3661.13859260598,2017-12-07 01:01:09,1,0.520661157024793,0.760330578512397,0.87603305785124,0.900826446280992
11.8391582419681,8.68588627448466,4.05666823577896,3662.13850002829,2017-12-07 01:01:10,1,0.520661157024793,0.760330578512397,0.87603305785124,0.900826446280992
12.1153837966278,8.63575211694228,4.08013409094001,3663.13840785823,2017-12-07 01:01:11,1,0.520661157024793,0.760330578512397,0.87603305785124,0.900826446280992
12.2794892830555,8.65682917582268,4.05702720028101,3664.13831663336,2017-12-07 01:01:12,1,0.520661157024793,0.760330578512397,0.87603305785124,0.900826446280992
12.3537732280689,8.73627535076118,3.97926553711516,3665.13822666516,2017-12-07 01:01:13,1,0.520661157024793,0.760330578512397,0.87603305785124,0.900826446280992
12.1518813742914,8.78341847426467,3.92588748305262,3666.13813804692,2017-12-07 01:01:14,1,0.520661157024793,0.760330578512397,0.87603305785124,0.900826446280992
12.5300526552951,8.7805744501565,3.89560435835903,3667.13805108424,2017-12-07 01:01:15,1,0.520661157024793,0.760330578512397,0.87603305785124,0.900826446280992
12.8202464649023,8.7584856115661,3.86699826308337,3668.13796563947,2017-12-07 01:01:16,1,0.520661157024793,0.760330578512397,0.87603305785124,0.900826446280992
13.1217372255096,8.79796059761308,3.76450456371473,3669.13788163766,2017-12-07 01:01:17,1,0.520661157024793,0.760330578512397,0.87603305785124,0.900826446280992
12.9805558893887,8.82396790632288,3.69106333263802,3670.137798779,2017-12-07 01:01:18,1,0.520661157024793,0.760330578512397,0.87603305785124,0.900826446280992
12.9195351525578,8.79131804411884,3.67713962019819,3671.13771700367,2017-12-07 01:01:19,1,0.520661157024793,0.760330578512397,0.87603305785124,0.900826446280992
13.0360946203198,8.85997158283995,3.54160334770153,3672.13763638388,2017-12-07 01:01:20,1,0.520661157024793,0.760330578512397,0.87603305785124,0.900826446280992
12.7532222312969,8.94389804755015,3.39717723018646,3673.13755660195,2017-12-07 01:01:21,1,0.520661157024793,0.760330578512397,0.87603305785124,0.900826446280992
13.0864131280251,9.0230377634546,3.18505828678115,3674.13747781333,2017-12-07 01:01:22,1,0.520661157024793,0.760330578512397,0.87603305785124,0.900826446280992
12.9538815840184,9.01580423242137,3.13058431401307,3675.13739965681,2017-12-07 01:01:23,1,0.520661157024793,0.760330578512397,0.87603305785124,0.900826446280992
12.8356085072929,9.01254865766335,3.078876747673,3676.13732219743,2017-12-07 01:01:24,1,0.520661157024793,0.760330578512397,0.87603305785124,0.900826446280992
12.7239374106195,9.06895639455618,2.98169823346144,3677.13724549436,2017-12-07 01:01:25,1,0.520661157024793,0.760330578512397,0.87603305785124,0.900826446280992
12.2429879927123,9.14462357272627,2.91598696555516,3678.13716947812,2017-12-07 01:01:26,1,0.520661157024793,0.760330578512397,0.87603305785124,0.900826446280992
12.0552844858533,9.3006363648258,2.71591496784131,3679.13709423862,2017-12-07 01:01:27,1,0.520661157024793,0.760330578512397,0.87603305785124,0.900826446280992
12.3248545684406,9.44866974808328,2.45049543748748,3680.13701942248,2017-12-07 01:01:28,1,0.520661157024793,0.760330578512397,0.87603305785124,0.900826446280992
12.5966510397049,9.71507601567989,2.18569360990791,3681.1369444326,2017-12-07 01:01:29,1,0.520661157024793,0.760330578512397,0.87603305785124,0.900826446280992
12.0347962468399,9.84470221483644,2.13778980757818,3682.136868551,2017-12-07 01:01:30,1,0.520661157024793,0.760330578512397,0.87603305785124,0.900826446280992
11.5784446128475,10.1584186360344,1.99316504476632,3683.13679174167,2017-12-07 01:01:31,1,0.520661157024793,0.760330578512397,0.87603305785124,0.900826446280992
10.5442562099785,10.2355298513031,1.90850040400521,3684.13671361403,2017-12-07 01:01:32,1,0.520661157024793,0.760330578512397,0.87603305785124,0.900826446280992
9.9858527536319,10.3417566162916,1.75921369906774,3685.13663409325,2017-12-07 01:01:33,1,0.520661157024793,0.760330578512397,0.87603305785124,0.900826446280992
9.38591685982475,10.5827585277807,1.687020924718,3686.13655286483,2017-12-07 01:01:34,1,0.520661157024793,0.760330578512397,0.87603305785124,0.900826446280992
8.77826506675504,10.7769551734051,1.40621360955658,3687.13646988187,2017-12-07 01:01:35,1,0.520661157024793,0.760330578512397,0.87603305785124,0.900826446280992
8.27055507012399,11.0346364593026,1.28236821371964,3688.1363846706,2017-12-07 01:01:36,1,0.520661157024793,0.760330578512397,0.87603305785124,0.900826446280992
8.18588230687217,11.1755519584231,1.25976874567452,3689.13629704521,2017-12-07 01:01:37,1,0.520661157024793,0.760330578512397,0.87603305785124,0.900826446280992
7.84719410464981,11.2984670771516,1.39456922402036,3690.13620696734,2017-12-07 01:01:38,1,0.520661157024793,0.760330578512397,0.87603305785124,0.900826446280992
7.46985664657339,11.4796916951039,1.4401686407298,3691.13611479252,2017-12-07 01:01:39,1,0.520661157024793,0.760330578512397,0.87603305785124,0.900826446280992
7.09132432389536,11.6285262187731,1.44805533654999,3692.13602059,2017-12-07 01:01:40,1,0.520661157024793,0.760330578512397,0.87603305785124,0.900826446280992
6.96490411844958,11.6882862965545,1.47752583204693,3693.13592436605,2017-12-07 01:01:41,1,0.520661157024793,0.760330578512397,0.87603305785124,0.900826446280992
7.20630460112487,11.6334953830966,1.61749483621647,3694.13582622626,2017-12-07 01:01:42,1,0.520661157024793,0.760330578512397,0.87603305785124,0.900826446280992
7.65509840898926,11.7473018168724,1.78384702401676,3695.13572658458,2017-12-07 01:01:43,1,0.520661157024793,0.760330578512397,0.87603305785124,0.900826446280992
7.4559643714338,11.517819098043,1.8019130544653,3696.13562578378,2017-12-07 01:01:44,1,0.520661157024793,0.760330578512397,0.87603305785124,0.900826446280992
7.1814159645263,11.4232805163907,1.80444752026239,3697.13552400754,2017-12-07 01:01:45,1,0.520661157024793,0.760330578512397,0.87603305785124,0.900826446280992
6.93805392290699,11.354693056233,1.80782327313806,3698.135421253,2017-12-07 01:01:46,1,0.520661157024793,0.760330578512397,0.87603305785124,0.900826446280992
6.63887377944598,11.1777758769637,1.72172132013481,3699.13531748791,2017-12-07 01:01:47,1,0.520661157024793,0.760330578512397,0.87603305785124,0.900826446280992
6.02802188433643,10.9615761503971,1.78656409634977,3700.13521250743,2017-12-07 01:01:48,1,0.520661157024793,0.760330578512397,0.87603305785124,0.900826446280992
5.27138724790331,10.8357307329784,1.96758277570282,3701.13510650823,2017-12-07 01:01:49,1,0.520661157024793,0.760330578512397,0.87603305785124,0.900826446280992
4.81763165874924,10.6154367776263,1.9731429717333,3702.13499991565,2017-12-07 01:01:50,1,0.520661157024793,0.760330578512397,0.87603305785124,0.900826446280992
4.3552337409689,10.3918326295706,2.16275583267705,3703.13489279389,2017-12-07 01:01:51,1,0.520661157024793,0.760330578512397,0.87603305785124,0.900826446280992
4.13176385777372,10.2196311340016,2.27897496177956,3704.13478569173,2017-12-07 01:01:52,1,0.520661157024793,0.760330578512397,0.87603305785124,0.900826446280992
3.79622744878468,10.1933085038099,2.24703435345178,3705.13467899597,2017-12-07 01:01:53,1,0.520661157024793,0.760330578512397,0.87603305785124,0.900826446280992
3.56789101187529,10.1916284179021,2.17849990593666,3706.13457246048,2017-12-07 01:01:54,1,0.520661157024793,0.760330578512397,0.87603305785124,0.900826446280992
3.14907853263852,10.0483279498485,2.17944341421671,3707.13446576346,2017-12-07 01:01:55,1,0.520661157024793,0.760330578512397,0.87603305785124,0.900826446280992
3.29510603654202,9.89680789404373,2.29583491001149,3708.13435877509,2017-12-07 01:01:56,1,0.520661157024793,0.760330578512397,0.87603305785124,0.900826446280992
3.13323892669409,9.78521596631879,2.32591711653299,3709.13425195941,2017-12-07 01:01:57,1,0.520661157024793,0.760330578512397,0.87603305785124,0.900826446280992
2.84385953730688,9.8774310155647,2.27344972421596,3710.13414550737,2017-12-07 01:01:58,1,0.520661157024793,0.760330578512397,0.87603305785124,0.900826446280992
2.62979013102651,9.94731264200598,2.23889977808892,3711.134039209,2017-12-07 01:01:59,1,0.520661157024793,0.760330578512397,0.87603305785124,0.900826446280992
3.04367133950174,9.25001729858188,6.66244136085006,3712.13409610181,2017-12-07 01:02:00,2,0.533333333333333,0.758333333333333,0.875,0.891666666666667
2.76337244352379,9.23201154817663,6.63773682170737,3713.13400541944,2017-12-07 01:02:01,2,0.533333333333333,0.758333333333333,0.875,0.891666666666667
2.41222334340837,9.3741028368855,6.61256183951566,3714.13391460133,2017-12-07 01:02:02,2,0.533333333333333,0.758333333333333,0.875,0.891666666666667
2.18060559888435,8.88774282593657,6.57194184942562,3715.1338235104,2017-12-07 01:02:03,2,0.533333333333333,0.758333333333333,0.875,0.891666666666667
1.83904543894685,8.64984657164538,6.52750527995954,3716.13373208695,2017-12-07 01:02:04,2,0.533333333333333,0.758333333333333,0.875,0.891666666666667
1.48376698344199,8.39544639337567,6.4816085806189,3717.13364027863,2017-12-07 01:02:05,2,0.533333333333333,0.758333333333333,0.875,0.891666666666667
1.58670758042364,7.63399514593568,6.40831897262583,3718.13354803691,2017-12-07 01:02:06,2,0.533333333333333,0.758333333333333,0.875,0.891666666666667
1.60625285581798,6.85899316862377,6.32547262936591,3719.13345546975,2017-12-07 01:02:07,2,0.533333333333333,0.758333333333333,0.875,0.891666666666667
1.6238922375035,6.36981585975875,6.23502014333528,3720.13336270716,2017-12-07 01:02:08,2,0.533333333333333,0.758333333333333,0.875,0.891666666666667
1.54804647102368,5.96315110277176,6.13843574397215,3721.13326990169,2017-12-07 01:02:09,2,0.533333333333333,0.758333333333333,0.875,0.891666666666667
1.54605896657222,5.70546548398991,6.04354507014255,3722.13317721885,2017-12-07 01:02:10,2,0.533333333333333,0.758333333333333,0.875,0.891666666666667
1.55102064675257,5.25626779631728,5.94058097700829,3723.13308483278,2017-12-07 01:02:11,2,0.533333333333333,0.758333333333333,0.875,0.891666666666667
1.60291601438738,5.36619809822546,5.83701476828044,3724.13299294367,2017-12-07 01:02:12,2,0.533333333333333,0.758333333333333,0.875,0.891666666666667
1.73755748615469,5.26271863025386,5.74315392159272,3725.13290173717,2017-12-07 01:02:13,2,0.533333333333333,0.758333333333333,0.875,0.891666666666667
1.79331655521904,5.28001999862977,5.66105234646863,3726.1328113538,2017-12-07 01:02:14,2,0.533333333333333,0.758333333333333,0.875,0.891666666666667
1.96331618168992,4.97491144670783,5.59334106031919,3727.13272187193,2017-12-07 01:02:15,2,0.533333333333333,0.758333333333333,0.875,0.891666666666667
2.14072269823371,4.77639113315576,5.52721253095475,3728.13263328584,2017-12-07 01:02:16,2,0.533333333333333,0.758333333333333,0.875,0.891666666666667
2.44873409916716,5.6121286368103,5.45981649967683,3729.13254558952,2017-12-07 01:02:17,2,0.533333333333333,0.758333333333333,0.875,0.891666666666667
2.4105171706077,4.69101300228533,5.40764242778488,3730.13245882877,2017-12-07 01:02:18,2,0.533333333333333,0.758333333333333,0.875,0.891666666666667
2.41394061305961,4.36531800648382,5.35987494372015,3731.13237295263,2017-12-07 01:02:19,2,0.533333333333333,0.758333333333333,0.875,0.891666666666667
2.11269196436569,4.09455599341712,5.32303596152782,3732.1322879414,2017-12-07 01:02:20,2,0.533333333333333,0.758333333333333,0.875,0.891666666666667
1.8487541847193,3.86333858628258,5.28538118317117,3733.13220367284,2017-12-07 01:02:21,2,0.533333333333333,0.758333333333333,0.875,0.891666666666667
1.65840940924846,3.27363817918982,5.23983507377345,3734.13212003811,2017-12-07 01:02:22,2,0.533333333333333,0.758333333333333,0.875,0.891666666666667
1.83438774910958,2.69699272140494,5.19180407582691,3735.13203695139,2017-12-07 01:02:23,2,0.533333333333333,0.758333333333333,0.875,0.891666666666667
1.83534979532575,2.28065333687303,5.15041178412694,3736.13195438418,2017-12-07 01:02:24,2,0.533333333333333,0.758333333333333,0.875,0.891666666666667
1.83922489301804,2.34285051920409,5.10316055451039,3737.13187226993,2017-12-07 01:02:25,2,0.533333333333333,0.758333333333333,0.875,0.891666666666667
1.87542934192104,2.68790872535274,5.06119281020895,3738.13179062263,2017-12-07 01:02:26,2,0.533333333333333,0.758333333333333,0.875,0.891666666666667
1.8678749544018,3.19708780546933,5.01927867908063,3739.13170946175,2017-12-07 01:02:27,2,0.533333333333333,0.758333333333333,0.875,0.891666666666667
2.35214942019404,3.19847621683333,4.95798125622533,3740.13162881995,2017-12-07 01:02:28,2,0.533333333333333,0.758333333333333,0.875,0.891666666666667
2.49434676395725,3.03715987795154,4.90085969329702,3741.13154885987,2017-12-07 01:02:29,2,0.533333333333333,0.758333333333333,0.875,0.891666666666667
2.80959735097101,2.89402328503328,4.84158247892041,3742.13146965623,2017-12-07 01:02:30,2,0.533333333333333,0.758333333333333,0.875,0.891666666666667
2.87387561055415,2.91400502119868,4.7941373583474,3743.13139132028,2017-12-07 01:02:31,2,0.533333333333333,0.758333333333333,0.875,0.891666666666667
2.79524504730362,2.90363113710393,4.75078737398094,3744.13131386511,2017-12-07 01:02:32,2,0.533333333333333,0.758333333333333,0.875,0.891666666666667
2.68566932841599,2.94425505577866,4.70829185142771,3745.13123724995,2017-12-07 01:02:33,2,0.533333333333333,0.758333333333333,0.875,0.891666666666667
2.51602066521215,3.06295572098572,4.66594361521464,3746.13116143125,2017-12-07 01:02:34,2,0.533333333333333,0.758333333333333,0.875,0.891666666666667
2.25584569402134,2.92966435537529,4.62379245485359,3747.13108637095,2017-12-07 01:02:35,2,0.533333333333333,0.758333333333333,0.875,0.891666666666667
2.42437907671176,3.09186048874329,4.56396147134487,3748.13101199136,2017-12-07 01:02:36,2,0.533333333333333,0.758333333333333,0.875,0.891666666666667
2.35896955035781,3.32641771333882,4.50822690427195,3749.13093834668,2017-12-07 01:02:37,2,0.533333333333333,0.758333333333333,0.875,0.891666666666667
2.38108112864466,3.44374511832528,4.44962199063711,3750.13086543053,2017-12-07 01:02:38,2,0.533333333333333,0.758333333333333,0.875,0.891666666666667
2.34721227042288,3.50172151598371,4.39066181997619,3751.13079326338,2017-12-07 01:02:39,2,0.533333333333333,0.758333333333333,0.875,0.891666666666667
2.16440787324153,3.53190844255757,4.33500441402442,3752.13072185132,2017-12-07 01:02:40,2,0.533333333333333,0.758333333333333,0.875,0.891666666666667
1.91175807466526,3.56965603705661,4.27972232543674,3753.13065110404,2017-12-07 01:02:41,2,0.533333333333333,0.758333333333333,0.875,0.891666666666667
1.70592680531853,3.63680069461876,4.2254241246672,3754.13058091648,2017-12-07 01:02:42,2,0.533333333333333,0.758333333333333,0.875,0.891666666666667
1.67042005440698,3.85354573311947,4.16388161302655,3755.13051116896,2017-12-07 01:02:43,2,0.533333333333333,0.758333333333333,0.875,0.891666666666667
1.49855601454773,3.98914931981332,4.10178163610896,3756.13044174641,2017-12-07 01:02:44,2,0.533333333333333,0.758333333333333,0.875,0.891666666666667
1.39619747749841,3.98922312745,4.03789948558427,3757.13037244758,2017-12-07 01:02:45,2,0.533333333333333,0.758333333333333,0.875,0.891666666666667
1.40043678624165,3.78189898715695,3.97066634986306,3758.13030305686,2017-12-07 01:02:46,2,0.533333333333333,0.758333333333333,0.875,0.891666666666667
1.48058913437467,3.86404765447171,3.90847228032027,3759.1302333886,2017-12-07 01:02:47,2,0.533333333333333,0.758333333333333,0.875,0.891666666666667
1.41815124683271,4.44189787201932,3.85395794440182,3760.13016334792,2017-12-07 01:02:48,2,0.533333333333333,0.758333333333333,0.875,0.891666666666667
1.22317920100709,5.08885263349969,3.80502289726344,3761.13009288602,2017-12-07 01:02:49,2,0.533333333333333,0.758333333333333,0.875,0.891666666666667
1.39205826080919,5.39053716752293,3.74615049008075,3762.13002195466,2017-12-07 01:02:50,2,0.533333333333333,0.758333333333333,0.875,0.891666666666667
1.29708199977027,5.84219794410382,3.67824811527426,3763.12995058814,2017-12-07 01:02:51,2,0.533333333333333,0.758333333333333,0.875,0.891666666666667
1.17974920846266,6.49497729056846,3.62039154238237,3764.12987871693,2017-12-07 01:02:52,2,0.533333333333333,0.758333333333333,0.875,0.891666666666667
1.22213925559501,6.47026531618092,3.56389155140121,3765.1298063181,2017-12-07 01:02:53,2,0.533333333333333,0.758333333333333,0.875,0.891666666666667
1.18679546397795,6.6564592474618,3.50236061128978,3766.1297334321,2017-12-07 01:02:54,2,0.533333333333333,0.758333333333333,0.875,0.891666666666667
1.24487945446058,6.7449050687998,3.41960585962618,3767.12966004902,2017-12-07 01:02:55,2,0.533333333333333,0.758333333333333,0.875,0.891666666666667
1.3140839306436,6.82037195383832,3.33536017928326,3768.12958609032,2017-12-07 01:02:56,2,0.533333333333333,0.758333333333333,0.875,0.891666666666667
1.0838067913476,7.2922786560404,3.25064947811416,3769.12951147401,2017-12-07 01:02:57,2,0.533333333333333,0.758333333333333,0.875,0.891666666666667
1.10073274554533,7.60619275014357,3.17022921573084,3770.12943603627,2017-12-07 01:02:58,2,0.533333333333333,0.758333333333333,0.875,0.891666666666667
1.0796174492118,7.89017739235383,3.09435559234386,3771.12935967954,2017-12-07 01:02:59,2,0.533333333333333,0.758333333333333,0.875,0.891666666666667
0.998494376538105,7.93819697764204,3.02019236377626,3772.12928231468,2017-12-07 01:03:00,2,0.533333333333333,0.758333333333333,0.875,0.891666666666667
1.1888484764684,8.30464605994568,2.95912006974049,3773.12920381473,2017-12-07 01:03:01,2,0.533333333333333,0.758333333333333,0.875,0.891666666666667
1.30751800101035,8.6972178527294,2.89353143302384,3774.12912416344,2017-12-07 01:03:02,2,0.533333333333333,0.758333333333333,0.875,0.891666666666667
1.52123477002174,8.82918339959778,2.83155977109181,3775.12904332204,2017-12-07 01:03:03,2,0.533333333333333,0.758333333333333,0.875,0.891666666666667
1.61043023150068,9.08663937823367,2.76756994592897,3776.12896128947,2017-12-07 01:03:04,2,0.533333333333333,0.758333333333333,0.875,0.891666666666667
1.62796884627357,9.3929041608107,2.70226717791747,3777.12887803531,2017-12-07 01:03:05,2,0.533333333333333,0.758333333333333,0.875,0.891666666666667
1.62028346768559,9.72894243879834,2.63727749996081,3778.12879351352,2017-12-07 01:03:06,2,0.533333333333333,0.758333333333333,0.875,0.891666666666667
1.43472485634563,10.0882054231205,2.56848733763863,3779.12870767371,2017-12-07 01:03:07,2,0.533333333333333,0.758333333333333,0.875,0.891666666666667
2.16687123269995,10.3694443862373,2.53789079477095,3780.12862043318,2017-12-07 01:03:08,2,0.533333333333333,0.758333333333333,0.875,0.891666666666667
2.6348644845279,10.7243056390519,2.51447528577868,3781.12853206039,2017-12-07 01:03:09,2,0.533333333333333,0.758333333333333,0.875,0.891666666666667
3.03946877453081,11.0399196535005,2.49695505854191,3782.12844280738,2017-12-07 01:03:10,2,0.533333333333333,0.758333333333333,0.875,0.891666666666667
3.39413845464688,11.4303195855285,2.46828084813997,3783.12835293812,2017-12-07 01:03:11,2,0.533333333333333,0.758333333333333,0.875,0.891666666666667
3.72522040725981,11.4978262936801,2.43047523502182,3784.12826264795,2017-12-07 01:03:12,2,0.533333333333333,0.758333333333333,0.875,0.891666666666667
4.04814413742796,11.5828083064097,2.38777148764832,3785.12817205046,2017-12-07 01:03:13,2,0.533333333333333,0.758333333333333,0.875,0.891666666666667
4.13293966346783,11.9940684993966,2.33763467550628,3786.12808122093,2017-12-07 01:03:14,2,0.533333333333333,0.758333333333333,0.875,0.891666666666667
4.29217281967831,12.1717201013772,2.29528101259953,3787.12799017241,2017-12-07 01:03:15,2,0.533333333333333,0.758333333333333,0.875,0.891666666666667
4.47788838402605,12.3251888759497,2.25072817960877,3788.12789896257,2017-12-07 01:03:16,2,0.533333333333333,0.758333333333333,0.875,0.891666666666667
4.7080322375085,12.4558166990158,2.20576993254667,3789.12780764093,2017-12-07 01:03:17,2,0.533333333333333,0.758333333333333,0.875,0.891666666666667
4.80387608565885,12.6957016383142,2.15407742030177,3790.12771626007,2017-12-07 01:03:18,2,0.533333333333333,0.758333333333333,0.875,0.891666666666667
4.88284375845979,13.0088662238351,2.10471192720758,3791.12762483241,2017-12-07 01:03:19,2,0.533333333333333,0.758333333333333,0.875,0.891666666666667
5.13899871875458,12.7596759020999,2.05408452286989,3792.1275333671,2017-12-07 01:03:20,2,0.533333333333333,0.758333333333333,0.875,0.891666666666667
5.40568540213914,12.6225097978864,2.00177364568524,3793.12744192886,2017-12-07 01:03:21,2,0.533333333333333,0.758333333333333,0.875,0.891666666666667
5.66567051695122,12.5121800853969,1.94895937827838,3794.12735056854,2017-12-07 01:03:22,2,0.533333333333333,0.758333333333333,0.875,0.891666666666667
5.94383796212934,12.4858872751491,1.89585220620347,3795.12725933285,2017-12-07 01:03:23,2,0.533333333333333,0.758333333333333,0.875,0.891666666666667
6.16034818422401,12.4984833566187,1.84699322470115,3796.12716826035,2017-12-07 01:03:24,2,0.533333333333333,0.758333333333333,0.875,0.891666666666667
6.36711426307892,12.5447727660783,1.78900976333095,3797.12707739669,2017-12-07 01:03:25,2,0.533333333333333,0.758333333333333,0.875,0.891666666666667
6.56292279883384,12.5368662422982,1.7372577439098,3798.12698675341,2017-12-07 01:03:26,2,0.533333333333333,0.758333333333333,0.875,0.891666666666667
6.76214792533773,12.8229355039214,1.67230582574818,3799.12689636673,2017-12-07 01:03:27,2,0.533333333333333,0.758333333333333,0.875,0.891666666666667
6.83672587206528,12.6895771142621,1.59434207369919,3800.12680621086,2017-12-07 01:03:28,2,0.533333333333333,0.758333333333333,0.875,0.891666666666667
6.96677257425092,12.6934119220761,1.51251009926101,3801.12671625028,2017-12-07 01:03:29,2,0.533333333333333,0.758333333333333,0.875,0.891666666666667
7.10660316841514,12.7299570562057,1.44786124454849,3802.12662642907,2017-12-07 01:03:30,2,0.533333333333333,0.758333333333333,0.875,0.891666666666667
7.16962577827861,12.7718157074452,1.40225136308298,3803.12653673754,2017-12-07 01:03:31,2,0.533333333333333,0.758333333333333,0.875,0.891666666666667
7.17899041960347,12.8554180290664,1.35447456019637,3804.12644721768,2017-12-07 01:03:32,2,0.533333333333333,0.758333333333333,0.875,0.891666666666667
7.2899030120085,12.654197373086,1.31038950281922,3805.12635790301,2017-12-07 01:03:33,2,0.533333333333333,0.758333333333333,0.875,0.891666666666667
7.45935235777079,12.728539813006,1.25654048867374,3806.12626885641,2017-12-07 01:03:34,2,0.533333333333333,0.758333333333333,0.875,0.891666666666667
7.54592983126926,12.7937526297014,1.20235571657025,3807.12618009162,2017-12-07 01:03:35,2,0.533333333333333,0.758333333333333,0.875,0.891666666666667
7.65770617583336,12.8292882002033,1.14017674415552,3808.12609162329,2017-12-07 01:03:36,2,0.533333333333333,0.758333333333333,0.875,0.891666666666667
7.74708390023504,12.5271129554899,1.08745951850851,3809.12600344786,2017-12-07 01:03:37,2,0.533333333333333,0.758333333333333,0.875,0.891666666666667
7.79644455688574,12.8333413747714,1.01217212868971,3810.12591560961,2017-12-07 01:03:38,2,0.533333333333333,0.758333333333333,0.875,0.891666666666667
7.81681567004907,12.7595072371862,0.929741917642517,3811.12582805096,2017-12-07 01:03:39,2,0.533333333333333,0.758333333333333,0.875,0.891666666666667
7.88646810736359,12.7292989909819,0.830156347496615,3812.12574072495,2017-12-07 01:03:40,2,0.533333333333333,0.758333333333333,0.875,0.891666666666667
7.97218451643453,12.7693760862298,0.723765602699795,3813.1256535394,2017-12-07 01:03:41,2,0.533333333333333,0.758333333333333,0.875,0.891666666666667
8.00115910714369,12.8127927001126,0.624983372011892,3814.12556638061,2017-12-07 01:03:42,2,0.533333333333333,0.758333333333333,0.875,0.891666666666667
8.04589514436185,13.0353134230506,0.516201202467964,3815.12547915323,2017-12-07 01:03:43,2,0.533333333333333,0.758333333333333,0.875,0.891666666666667
7.83630477268828,13.2570000825924,0.418586285294485,3816.12539172631,2017-12-07 01:03:44,2,0.533333333333333,0.758333333333333,0.875,0.891666666666667
7.83002429653801,13.1456708958394,0.336515980626894,3817.12530399825,2017-12-07 01:03:45,2,0.533333333333333,0.758333333333333,0.875,0.891666666666667
8.07027395188792,12.9191917831365,0.278546055542488,3818.12521592114,2017-12-07 01:03:46,2,0.533333333333333,0.758333333333333,0.875,0.891666666666667
8.25187615916419,12.9406782400389,0.211930842831262,3819.12512750243,2017-12-07 01:03:47,2,0.533333333333333,0.758333333333333,0.875,0.891666666666667
8.3081729640854,13.3109641199807,0.156798394437912,3820.12503871524,2017-12-07 01:03:48,2,0.533333333333333,0.758333333333333,0.875,0.891666666666667
8.32162402276275,13.0492602225708,0.139543080406936,3821.12494953539,2017-12-07 01:03:49,2,0.533333333333333,0.758333333333333,0.875,0.891666666666667
8.28019195026315,12.9936093149175,0.122419028837252,3822.12486005757,2017-12-07 01:03:50,2,0.533333333333333,0.758333333333333,0.875,0.891666666666667
8.14937372853388,12.8190049040156,0.110713810583666,3823.12477036373,2017-12-07 01:03:51,2,0.533333333333333,0.758333333333333,0.875,0.891666666666667
7.98362495315095,12.9311076568552,0.0864250923705562,3824.12468055749,2017-12-07 01:03:52,2,0.533333333333333,0.758333333333333,0.875,0.891666666666667
7.79626687951844,12.6225340535306,0.0129998860287401,3825.12459069694,2017-12-07 01:03:53,2,0.533333333333333,0.758333333333333,0.875,0.891666666666667
7.51921432562295,12.479156651925,-0.0671512637607386,3826.12450076821,2017-12-07 01:03:54,2,0.533333333333333,0.758333333333333,0.875,0.891666666666667
7.25147866501073,12.8087925369717,-0.137594078968019,3827.12441073279,2017-12-07 01:03:55,2,0.533333333333333,0.758333333333333,0.875,0.891666666666667
7.2964912273184,12.6238919040588,-0.198475864877837,3828.12432054345,2017-12-07 01:03:56,2,0.533333333333333,0.758333333333333,0.875,0.891666666666667
7.0929651080002,12.7171458216486,-0.241112897580727,3829.12423020609,2017-12-07 01:03:57,2,0.533333333333333,0.758333333333333,0.875,0.891666666666667
6.90817842773021,12.8931728744314,-0.27185018739922,3830.12413974839,2017-12-07 01:03:58,2,0.533333333333333,0.758333333333333,0.875,0.891666666666667
6.83468723336345,12.8196538595286,-0.298293022671012,3831.12404921773,2017-12-07 01:03:59,2,0.533333333333333,0.758333333333333,0.875,0.891666666666667
6.68699708869263,12.2859309652791,1.97799435949369,3832.12436122679,2017-12-07 01:04:00,3,0.508333333333333,0.641666666666667,0.866666666666667,0.891666666666667
6.64217157868923,12.260743209778,2.01991405700426,3833.12429987192,2017-12-07 01:04:01,3,0.508333333333333,0.641666666666667,0.866666666666667,0.891666666666667
6.57787174004323,12.3667045601857,2.01675561893982,3834.12423848626,2017-12-07 01:04:02,3,0.508333333333333,0.641666666666667,0.866666666666667,0.891666666666667
6.52407597140285,12.4811277476613,2.05603017861925,3835.12417690559,2017-12-07 01:04:03,3,0.508333333333333,0.641666666666667,0.866666666666667,0.891666666666667
6.48680213698267,12.5844361483037,2.13935479254588,3836.12411507643,2017-12-07 01:04:04,3,0.508333333333333,0.641666666666667,0.866666666666667,0.891666666666667
6.43600302317233,12.6712282514201,2.23780031786046,3837.12405306656,2017-12-07 01:04:05,3,0.508333333333333,0.641666666666667,0.866666666666667,0.891666666666667
6.31947649351848,12.4863124873691,2.2962725430932,3838.12399098263,2017-12-07 01:04:06,3,0.508333333333333,0.641666666666667,0.866666666666667,0.891666666666667
6.23965470566486,12.5966165331379,2.34884914139956,3839.12392885464,2017-12-07 01:04:07,3,0.508333333333333,0.641666666666667,0.866666666666667,0.891666666666667
6.18819473162692,12.5899364066875,2.41019306847702,3840.12386665916,2017-12-07 01:04:08,3,0.508333333333333,0.641666666666667,0.866666666666667,0.891666666666667
6.09327759951698,12.4977279907537,2.46556839698908,3841.12380441665,2017-12-07 01:04:09,3,0.508333333333333,0.641666666666667,0.866666666666667,0.891666666666667
5.97570850161557,12.4419122949886,2.50557812200215,3842.1237421276,2017-12-07 01:04:10,3,0.508333333333333,0.641666666666667,0.866666666666667,0.891666666666667
5.83740557403312,12.3056929075796,2.55030027687696,3843.12367972343,2017-12-07 01:04:11,3,0.508333333333333,0.641666666666667,0.866666666666667,0.891666666666667
5.7285472726305,12.1795729507591,2.61570166400221,3844.1236171506,2017-12-07 01:04:12,3,0.508333333333333,0.641666666666667,0.866666666666667,0.891666666666667
5.56488734073569,12.1232589872944,2.67899344565787,3845.12355443572,2017-12-07 01:04:13,3,0.508333333333333,0.641666666666667,0.866666666666667,0.891666666666667
5.36078611799271,12.1424879100316,2.73694633229484,3846.12349154227,2017-12-07 01:04:14,3,0.508333333333333,0.641666666666667,0.866666666666667,0.891666666666667
5.15704198323916,12.163131779319,2.80442363324178,3847.12342835518,2017-12-07 01:04:15,3,0.508333333333333,0.641666666666667,0.866666666666667,0.891666666666667
5.01879955487485,12.1154667425741,2.90603259799146,3848.12336479997,2017-12-07 01:04:16,3,0.508333333333333,0.641666666666667,0.866666666666667,0.891666666666667
4.8640254651343,12.2357175410275,3.00361523485855,3849.12330094576,2017-12-07 01:04:17,3,0.508333333333333,0.641666666666667,0.866666666666667,0.891666666666667
4.77457635865789,12.3115341281355,3.11926700214391,3850.12323679394,2017-12-07 01:04:18,3,0.508333333333333,0.641666666666667,0.866666666666667,0.891666666666667
4.69521789918542,12.2116190312068,3.23136350679326,3851.12317236445,2017-12-07 01:04:19,3,0.508333333333333,0.641666666666667,0.866666666666667,0.891666666666667
4.65113857455644,12.0863895857642,3.33529588061513,3852.12310760295,2017-12-07 01:04:20,3,0.508333333333333,0.641666666666667,0.866666666666667,0.891666666666667
4.59670733803024,11.9132336481439,3.44433487466374,3853.12304238027,2017-12-07 01:04:21,3,0.508333333333333,0.641666666666667,0.866666666666667,0.891666666666667
4.54536734812484,11.5363364695643,3.55036786766768,3854.12297659674,2017-12-07 01:04:22,3,0.508333333333333,0.641666666666667,0.866666666666667,0.891666666666667
4.51809267345471,11.308690067839,3.643957605091,3855.12291016517,2017-12-07 01:04:23,3,0.508333333333333,0.641666666666667,0.866666666666667,0.891666666666667
4.53420334149286,11.1649892837104,3.73317460317706,3856.12284292986,2017-12-07 01:04:24,3,0.508333333333333,0.641666666666667,0.866666666666667,0.891666666666667
4.5961725854757,11.0335878561557,3.82545676925963,3857.12277474521,2017-12-07 01:04:25,3,0.508333333333333,0.641666666666667,0.866666666666667,0.891666666666667
4.64242444455031,10.8128223909946,3.91915366563412,3858.12270548802,2017-12-07 01:04:26,3,0.508333333333333,0.641666666666667,0.866666666666667,0.891666666666667
4.6645216985083,10.5840684886392,4.02259732064829,3859.122634943,2017-12-07 01:04:27,3,0.508333333333333,0.641666666666667,0.866666666666667,0.891666666666667
4.69006637575977,10.4186719668383,4.12515857686102,3860.12256278328,2017-12-07 01:04:28,3,0.508333333333333,0.641666666666667,0.866666666666667,0.891666666666667
4.72096302517536,10.2671537685739,4.22682729895452,3861.12248868237,2017-12-07 01:04:29,3,0.508333333333333,0.641666666666667,0.866666666666667,0.891666666666667
4.76187369195295,9.83238346307414,4.32132072443433,3862.12241230652,2017-12-07 01:04:30,3,0.508333333333333,0.641666666666667,0.866666666666667,0.891666666666667
4.8370249829957,9.75745460086624,4.38696497098668,3863.12233339504,2017-12-07 01:04:31,3,0.508333333333333,0.641666666666667,0.866666666666667,0.891666666666667
4.88434120495104,9.60322363851835,4.45265165448029,3864.1222519749,2017-12-07 01:04:32,3,0.508333333333333,0.641666666666667,0.866666666666667,0.891666666666667
4.8626057609431,9.50816498572295,4.52858041730747,3865.1221681001,2017-12-07 01:04:33,3,0.508333333333333,0.641666666666667,0.866666666666667,0.891666666666667
4.84436419198142,9.40881252478188,4.60764660541109,3866.12208185254,2017-12-07 01:04:34,3,0.508333333333333,0.641666666666667,0.866666666666667,0.891666666666667
4.85521011134358,9.08365317912686,4.67752223460914,3867.12199334533,2017-12-07 01:04:35,3,0.508333333333333,0.641666666666667,0.866666666666667,0.891666666666667
4.86237580052073,8.70538977427436,4.74555808160067,3868.12190274703,2017-12-07 01:04:36,3,0.508333333333333,0.641666666666667,0.866666666666667,0.891666666666667
4.81619078465517,8.12276249603033,4.84804126305318,3869.12181024121,2017-12-07 01:04:37,3,0.508333333333333,0.641666666666667,0.866666666666667,0.891666666666667
4.89278186124746,7.84378474408415,4.91431926747493,3870.12171584603,2017-12-07 01:04:38,3,0.508333333333333,0.641666666666667,0.866666666666667,0.891666666666667
4.98390644242279,7.71176051700651,4.98817555283764,3871.12161980506,2017-12-07 01:04:39,3,0.508333333333333,0.641666666666667,0.866666666666667,0.891666666666667
5.06657599457538,7.64170726843512,5.06693748437332,3872.12152231216,2017-12-07 01:04:40,3,0.508333333333333,0.641666666666667,0.866666666666667,0.891666666666667
5.16732781491719,7.75181775283471,5.13193421893924,3873.12142343602,2017-12-07 01:04:41,3,0.508333333333333,0.641666666666667,0.866666666666667,0.891666666666667
5.2957896335018,7.89798258853224,5.20047454846676,3874.12132330531,2017-12-07 01:04:42,3,0.508333333333333,0.641666666666667,0.866666666666667,0.891666666666667
5.40942696230898,7.70768483200357,5.31018929057196,3875.12122200568,2017-12-07 01:04:43,3,0.508333333333333,0.641666666666667,0.866666666666667,0.891666666666667
5.47673995559695,7.5192956481461,5.41991151034401,3876.12111943408,2017-12-07 01:04:44,3,0.508333333333333,0.641666666666667,0.866666666666667,0.891666666666667
5.52730786677941,7.30802020134871,5.54049889855909,3877.12101547378,2017-12-07 01:04:45,3,0.508333333333333,0.641666666666667,0.866666666666667,0.891666666666667
5.61239609147071,7.0515063085388,5.64422344826801,3878.12090997759,2017-12-07 01:04:46,3,0.508333333333333,0.641666666666667,0.866666666666667,0.891666666666667
5.67260903138091,6.89302125786395,5.74927292886821,3879.12080295017,2017-12-07 01:04:47,3,0.508333333333333,0.641666666666667,0.866666666666667,0.891666666666667
5.6855490534501,6.57139081505898,5.83997940519872,3880.12069441945,2017-12-07 01:04:48,3,0.508333333333333,0.641666666666667,0.866666666666667,0.891666666666667
5.68188713995138,6.26454740422248,5.92796798772381,3881.12058444731,2017-12-07 01:04:49,3,0.508333333333333,0.641666666666667,0.866666666666667,0.891666666666667
5.65422523316656,5.92446967530427,6.00227835551867,3882.12047314276,2017-12-07 01:04:50,3,0.508333333333333,0.641666666666667,0.866666666666667,0.891666666666667
5.66982615871354,5.5992865067777,6.07376814437191,3883.12036067551,2017-12-07 01:04:51,3,0.508333333333333,0.641666666666667,0.866666666666667,0.891666666666667
5.63788899837132,5.40188177647535,6.14966473587726,3884.12024724262,2017-12-07 01:04:52,3,0.508333333333333,0.641666666666667,0.866666666666667,0.891666666666667
5.61396086877784,5.10052406026208,6.23957749484658,3885.1201330459,2017-12-07 01:04:53,3,0.508333333333333,0.641666666666667,0.866666666666667,0.891666666666667
5.58494745996006,4.97097143146262,6.36106828843082,3886.12001820244,2017-12-07 01:04:54,3,0.508333333333333,0.641666666666667,0.866666666666667,0.891666666666667
5.52792532145412,4.60891917113826,6.48646399467798,3887.11990274996,2017-12-07 01:04:55,3,0.508333333333333,0.641666666666667,0.866666666666667,0.891666666666667
5.48425671123939,4.06489919845255,6.61361216520797,3888.11978670848,2017-12-07 01:04:56,3,0.508333333333333,0.641666666666667,0.866666666666667,0.891666666666667
5.5754327084841,3.98585696231367,6.64255859334675,3889.11967008008,2017-12-07 01:04:57,3,0.508333333333333,0.641666666666667,0.866666666666667,0.891666666666667
5.65097825658923,3.84657761519686,6.72376787554539,3890.11955311532,2017-12-07 01:04:58,3,0.508333333333333,0.641666666666667,0.866666666666667,0.891666666666667
5.69017272702746,3.64101781962842,6.81377922364529,3891.11943590117,2017-12-07 01:04:59,3,0.508333333333333,0.641666666666667,0.866666666666667,0.891666666666667
5.77183866357818,3.20346282351164,6.87049237899009,3892.11931847833,2017-12-07 01:05:00,3,0.508333333333333,0.641666666666667,0.866666666666667,0.891666666666667
5.81588975517809,2.48615889317442,6.86341479661067,3893.11920092338,2017-12-07 01:05:01,3,0.508333333333333,0.641666666666667,0.866666666666667,0.891666666666667
5.75299305469292,1.5530878965269,6.86610805021303,3894.11908338526,2017-12-07 01:05:02,3,0.508333333333333,0.641666666666667,0.866666666666667,0.891666666666667
5.73270152812141,1.87854379567237,6.78525361453641,3895.11896591966,2017-12-07 01:05:03,3,0.508333333333333,0.641666666666667,0.866666666666667,0.891666666666667
5.68620289305694,1.92113026910479,6.72952092653638,3896.11884882279,2017-12-07 01:05:04,3,0.508333333333333,0.641666666666667,0.866666666666667,0.891666666666667
5.61473195891061,1.88755400113078,6.73006651878895,3897.11873225572,2017-12-07 01:05:05,3,0.508333333333333,0.641666666666667,0.866666666666667,0.891666666666667
5.51993308874375,1.95121274271425,6.74648855717802,3898.11861624876,2017-12-07 01:05:06,3,0.508333333333333,0.641666666666667,0.866666666666667,0.891666666666667
5.4758235221925,1.80582728488714,6.69357595717148,3899.1185008257,2017-12-07 01:05:07,3,0.508333333333333,0.641666666666667,0.866666666666667,0.891666666666667
5.40330328772715,1.53183372360438,6.60239417383898,3900.11838609245,2017-12-07 01:05:08,3,0.508333333333333,0.641666666666667,0.866666666666667,0.891666666666667
5.24288246443553,0.846362772002515,6.44720306979049,3901.11827218407,2017-12-07 01:05:09,3,0.508333333333333,0.641666666666667,0.866666666666667,0.891666666666667
5.07770801292254,0.158174820435205,6.30397505542569,3902.11815921332,2017-12-07 01:05:10,3,0.508333333333333,0.641666666666667,0.866666666666667,0.891666666666667
4.91544618530624,-0.547562473222612,6.16164671884065,3903.11804727296,2017-12-07 01:05:11,3,0.508333333333333,0.641666666666667,0.866666666666667,0.891666666666667
4.77923360150158,-1.67673966672223,6.07343448364572,3904.11793644986,2017-12-07 01:05:12,3,0.508333333333333,0.641666666666667,0.866666666666667,0.891666666666667
4.8095380751097,-0.840740371111649,5.9586671451243,3905.11782664821,2017-12-07 01:05:13,3,0.508333333333333,0.641666666666667,0.866666666666667,0.891666666666667
4.85654648699297,-0.434752011295379,5.89501555288395,3906.11771822408,2017-12-07 01:05:14,3,0.508333333333333,0.641666666666667,0.866666666666667,0.891666666666667
4.89853039862594,-0.223271643207811,5.86898929487517,3907.11761135251,2017-12-07 01:05:15,3,0.508333333333333,0.641666666666667,0.866666666666667,0.891666666666667
4.9069098825775,-0.0205504294529976,5.87747299970224,3908.11750610365,2017-12-07 01:05:16,3,0.508333333333333,0.641666666666667,0.866666666666667,0.891666666666667
4.90132834589273,0.0875554324929169,5.91937656275375,3909.11740249589,2017-12-07 01:05:17,3,0.508333333333333,0.641666666666667,0.866666666666667,0.891666666666667
4.82169520303043,-0.0271881333003829,5.99049659269762,3910.11730047108,2017-12-07 01:05:18,3,0.508333333333333,0.641666666666667,0.866666666666667,0.891666666666667
4.73267899359272,-0.0530514480068694,6.05361282281611,3911.11719989476,2017-12-07 01:05:19,3,0.508333333333333,0.641666666666667,0.866666666666667,0.891666666666667
4.6563632261806,-0.102319958427685,6.10816218586538,3912.11710066839,2017-12-07 01:05:20,3,0.508333333333333,0.641666666666667,0.866666666666667,0.891666666666667
4.53764025441984,0.0135987914194093,6.18317740268007,3913.11700270009,2017-12-07 01:05:21,3,0.508333333333333,0.641666666666667,0.866666666666667,0.891666666666667
4.42366739378896,-0.0583563105620115,6.26511124141416,3914.11690590823,2017-12-07 01:05:22,3,0.508333333333333,0.641666666666667,0.866666666666667,0.891666666666667
4.32104537118463,-0.18853273923562,6.34667104664305,3915.11681015914,2017-12-07 01:05:23,3,0.508333333333333,0.641666666666667,0.866666666666667,0.891666666666667
4.23480312475243,-0.407909290696531,6.42849916159809,3916.11671530526,2017-12-07 01:05:24,3,0.508333333333333,0.641666666666667,0.866666666666667,0.891666666666667
4.13485888668939,-0.102962646434472,6.48048049849301,3917.11662117687,2017-12-07 01:05:25,3,0.508333333333333,0.641666666666667,0.866666666666667,0.891666666666667
3.98737492219973,0.10376195097839,6.5555102792943,3918.1165277237,2017-12-07 01:05:26,3,0.508333333333333,0.641666666666667,0.866666666666667,0.891666666666667
3.86605529876204,0.370024741689644,6.61816581312244,3919.11643482448,2017-12-07 01:05:27,3,0.508333333333333,0.641666666666667,0.866666666666667,0.891666666666667
3.7220930838696,0.540908117808787,6.70778602479233,3920.11634239915,2017-12-07 01:05:28,3,0.508333333333333,0.641666666666667,0.866666666666667,0.891666666666667
3.55832431466354,0.504110016555344,6.821961443219,3921.11625029023,2017-12-07 01:05:29,3,0.508333333333333,0.641666666666667,0.866666666666667,0.891666666666667
3.39777752771852,0.416444531605116,6.94301016939309,3922.11615826465,2017-12-07 01:05:30,3,0.508333333333333,0.641666666666667,0.866666666666667,0.891666666666667
3.23588655997003,0.522855065648461,7.07595546516649,3923.11606606775,2017-12-07 01:05:31,3,0.508333333333333,0.641666666666667,0.866666666666667,0.891666666666667
3.08154572518085,0.571450709748054,7.21367669282392,3924.11597344795,2017-12-07 01:05:32,3,0.508333333333333,0.641666666666667,0.866666666666667,0.891666666666667
2.97147762121358,0.70800199998174,7.31251156393204,3925.11588013594,2017-12-07 01:05:33,3,0.508333333333333,0.641666666666667,0.866666666666667,0.891666666666667
2.92077478142176,0.985110716575465,7.33980623592756,3926.11578595347,2017-12-07 01:05:34,3,0.508333333333333,0.641666666666667,0.866666666666667,0.891666666666667
2.89267061799194,1.11538631198847,7.32378210488967,3927.11569087602,2017-12-07 01:05:35,3,0.508333333333333,0.641666666666667,0.866666666666667,0.891666666666667
2.82992462104694,1.09808879224413,7.317256661909,3928.11559494458,2017-12-07 01:05:36,3,0.508333333333333,0.641666666666667,0.866666666666667,0.891666666666667
2.75699995574848,1.05789405336265,7.32704468984926,3929.11549814448,2017-12-07 01:05:37,3,0.508333333333333,0.641666666666667,0.866666666666667,0.891666666666667
2.75881194883707,0.989492846049144,7.32253617292171,3930.11540042831,2017-12-07 01:05:38,3,0.508333333333333,0.641666666666667,0.866666666666667,0.891666666666667
2.76710960044614,0.868209443961637,7.32202538767512,3931.11530181768,2017-12-07 01:05:39,3,0.508333333333333,0.641666666666667,0.866666666666667,0.891666666666667
2.81493275904422,0.689386927354433,7.29126478789968,3932.1152023197,2017-12-07 01:05:40,3,0.508333333333333,0.641666666666667,0.866666666666667,0.891666666666667
3.00786640033118,0.681164199256348,7.2262401609551,3933.11510198722,2017-12-07 01:05:41,3,0.508333333333333,0.641666666666667,0.866666666666667,0.891666666666667
3.21052323273444,0.248014117736982,7.19419543005268,3934.11500102413,2017-12-07 01:05:42,3,0.508333333333333,0.641666666666667,0.866666666666667,0.891666666666667
3.41812260840148,-0.171293034751878,7.16099211813489,3935.11489951995,2017-12-07 01:05:43,3,0.508333333333333,0.641666666666667,0.866666666666667,0.891666666666667
3.60595916356943,-0.336352654193674,7.10071414099106,3936.11479757112,2017-12-07 01:05:44,3,0.508333333333333,0.641666666666667,0.866666666666667,0.891666666666667
3.78631722608308,-0.421417433340606,7.03316698284063,3937.11469536424,2017-12-07 01:05:45,3,0.508333333333333,0.641666666666667,0.866666666666667,0.891666666666667
3.92984563005812,-0.574930316181791,6.9895012576763,3938.11459311278,2017-12-07 01:05:46,3,0.508333333333333,0.641666666666667,0.866666666666667,0.891666666666667
4.03853723538816,-0.664208172846173,6.97245952634966,3939.11449097352,2017-12-07 01:05:47,3,0.508333333333333,0.641666666666667,0.866666666666667,0.891666666666667
4.05307661958723,-0.958419374154296,7.01714935206026,3940.11438908262,2017-12-07 01:05:48,3,0.508333333333333,0.641666666666667,0.866666666666667,0.891666666666667
4.06500580265136,-0.325584327258536,7.04178667079632,3941.11428742765,2017-12-07 01:05:49,3,0.508333333333333,0.641666666666667,0.866666666666667,0.891666666666667
3.99962312022629,0.0157368372172481,7.11579647459339,3942.11418617913,2017-12-07 01:05:50,3,0.508333333333333,0.641666666666667,0.866666666666667,0.891666666666667
3.88638074134396,0.0430924606494159,7.21214345823088,3943.11408534889,2017-12-07 01:05:51,3,0.508333333333333,0.641666666666667,0.866666666666667,0.891666666666667
3.78978617274029,0.0772813927199667,7.29735049320381,3944.11398484322,2017-12-07 01:05:52,3,0.508333333333333,0.641666666666667,0.866666666666667,0.891666666666667
3.68472034967548,0.295125398103009,7.36997735206215,3945.11388459135,2017-12-07 01:05:53,3,0.508333333333333,0.641666666666667,0.866666666666667,0.891666666666667
3.56501362385994,0.411047418519782,7.45000756093694,3946.11378457868,2017-12-07 01:05:54,3,0.508333333333333,0.641666666666667,0.866666666666667,0.891666666666667
3.43563936590796,0.436370787693372,7.53572854481653,3947.11368476122,2017-12-07 01:05:55,3,0.508333333333333,0.641666666666667,0.866666666666667,0.891666666666667
3.30716901904137,0.387166697110051,7.62866327922794,3948.1135850744,2017-12-07 01:05:56,3,0.508333333333333,0.641666666666667,0.866666666666667,0.891666666666667
3.23996479863581,0.304574437387959,7.6915573271472,3949.11348542869,2017-12-07 01:05:57,3,0.508333333333333,0.641666666666667,0.866666666666667,0.891666666666667
3.19025144633286,0.377049741458512,7.74898945913529,3950.11338579749,2017-12-07 01:05:58,3,0.508333333333333,0.641666666666667,0.866666666666667,0.891666666666667
3.14670215534506,0.282328152968918,7.82204852429591,3951.11328619844,2017-12-07 01:05:59,3,0.508333333333333,0.641666666666667,0.866666666666667,0.891666666666667
3.12064629623914,0.909798752326888,7.04965023274293,3952.11370876145,2017-12-07 01:06:00,4,0.361344537815126,0.823529411764706,0.949579831932773,0.890756302521008
3.19292193965239,0.895560970739259,7.02899068837903,3953.11365616858,2017-12-07 01:06:01,4,0.361344537815126,0.823529411764706,0.949579831932773,0.890756302521008
3.25580748120826,1.15811115561769,6.95287084825064,3954.11360356263,2017-12-07 01:06:02,4,0.361344537815126,0.823529411764706,0.949579831932773,0.890756302521008
3.49380609536366,1.47586371621458,6.90936840905593,3955.1135510145,2017-12-07 01:06:03,4,0.361344537815126,0.823529411764706,0.949579831932773,0.890756302521008
3.24576695391498,1.51231921096662,7.10173390062463,3956.11349859378,2017-12-07 01:06:04,4,0.361344537815126,0.823529411764706,0.949579831932773,0.890756302521008
3.17853403483313,1.61388802325415,7.26240812387522,3957.11344616229,2017-12-07 01:06:05,4,0.361344537815126,0.823529411764706,0.949579831932773,0.890756302521008
3.19838780244024,1.64452049478806,7.48387538706054,3958.11339362547,2017-12-07 01:06:06,4,0.361344537815126,0.823529411764706,0.949579831932773,0.890756302521008
3.21766662961435,1.78859368163762,7.5203333079888,3959.11334084594,2017-12-07 01:06:07,4,0.361344537815126,0.823529411764706,0.949579831932773,0.890756302521008
3.23689316548579,1.74588556373991,7.51525722071404,3960.11328779621,2017-12-07 01:06:08,4,0.361344537815126,0.823529411764706,0.949579831932773,0.890756302521008
3.32081985737878,1.71072998770458,7.48936393085404,3961.11323443084,2017-12-07 01:06:09,4,0.361344537815126,0.823529411764706,0.949579831932773,0.890756302521008
3.39464523867722,1.63627960387218,7.38631301579143,3962.11318071107,2017-12-07 01:06:10,4,0.361344537815126,0.823529411764706,0.949579831932773,0.890756302521008
3.45289491322093,1.55808486141981,7.28699312014186,3963.1131266174,2017-12-07 01:06:11,4,0.361344537815126,0.823529411764706,0.949579831932773,0.890756302521008
3.5625988451417,1.53731928450867,7.2298212097922,3964.11307212675,2017-12-07 01:06:12,4,0.361344537815126,0.823529411764706,0.949579831932773,0.890756302521008
3.63547145353726,1.4889531232539,7.18726461348911,3965.11301721962,2017-12-07 01:06:13,4,0.361344537815126,0.823529411764706,0.949579831932773,0.890756302521008
3.72076804785418,1.41639826189176,6.98324362643423,3966.11296185948,2017-12-07 01:06:14,4,0.361344537815126,0.823529411764706,0.949579831932773,0.890756302521008
4.1005807604922,1.31940183117173,6.57838932423773,3967.11290607035,2017-12-07 01:06:15,4,0.361344537815126,0.823529411764706,0.949579831932773,0.890756302521008
4.3660065815996,1.26175642496032,6.24169903522732,3968.11284997092,2017-12-07 01:06:16,4,0.361344537815126,0.823529411764706,0.949579831932773,0.890756302521008
4.57806467920746,1.26698240382179,5.9647819231825,3969.11279365842,2017-12-07 01:06:17,4,0.361344537815126,0.823529411764706,0.949579831932773,0.890756302521008
4.74221207348369,1.28128167656299,5.75355803455314,3970.11273722719,2017-12-07 01:06:18,4,0.361344537815126,0.823529411764706,0.949579831932773,0.890756302521008
4.94488761453624,1.26100395514044,5.57159268858426,3971.11268073904,2017-12-07 01:06:19,4,0.361344537815126,0.823529411764706,0.949579831932773,0.890756302521008
5.03391270869938,1.15050916995037,5.45716822305412,3972.11262422526,2017-12-07 01:06:20,4,0.361344537815126,0.823529411764706,0.949579831932773,0.890756302521008
5.22381888935757,1.09288238226948,5.36212128055581,3973.11256763162,2017-12-07 01:06:21,4,0.361344537815126,0.823529411764706,0.949579831932773,0.890756302521008
5.11039475179233,1.08036485700971,5.43296750313562,3974.11251092047,2017-12-07 01:06:22,4,0.361344537815126,0.823529411764706,0.949579831932773,0.890756302521008
5.03365698966841,1.00500792011727,5.50941470000166,3975.11245396828,2017-12-07 01:06:23,4,0.361344537815126,0.823529411764706,0.949579831932773,0.890756302521008
5.24635148440274,0.841678986924884,5.49187784572666,3976.11239661925,2017-12-07 01:06:24,4,0.361344537815126,0.823529411764706,0.949579831932773,0.890756302521008
5.23319151508655,0.793331814106319,5.52858498452686,3977.112338741,2017-12-07 01:06:25,4,0.361344537815126,0.823529411764706,0.949579831932773,0.890756302521008
5.16684039456367,0.764694346086942,5.39758117667008,3978.11228022174,2017-12-07 01:06:26,4,0.361344537815126,0.823529411764706,0.949579831932773,0.890756302521008
5.52858589124443,0.906203758304261,5.29879652261429,3979.11222104209,2017-12-07 01:06:27,4,0.361344537815126,0.823529411764706,0.949579831932773,0.890756302521008
5.91519210262902,1.00714859537151,5.25772920840348,3980.11216125914,2017-12-07 01:06:28,4,0.361344537815126,0.823529411764706,0.949579831932773,0.890756302521008
6.08400825563883,1.1541423358348,5.22300300401921,3981.11210087803,2017-12-07 01:06:29,4,0.361344537815126,0.823529411764706,0.949579831932773,0.890756302521008
5.91547325183234,1.07693972446215,5.18058114520748,3982.11203992004,2017-12-07 01:06:30,4,0.361344537815126,0.823529411764706,0.949579831932773,0.890756302521008
5.88498578614741,1.04170208555857,5.06996030473659,3983.11197829074,2017-12-07 01:06:31,4,0.361344537815126,0.823529411764706,0.949579831932773,0.890756302521008
5.87285485217882,1.16122504542608,4.98584682112127,3984.11191596181,2017-12-07 01:06:32,4,0.361344537815126,0.823529411764706,0.949579831932773,0.890756302521008
5.9339349714235,1.25990970943824,4.86816612712684,3985.11185296325,2017-12-07 01:06:33,4,0.361344537815126,0.823529411764706,0.949579831932773,0.890756302521008
5.95860431491426,1.41298574254492,4.80726721925222,3986.11178933887,2017-12-07 01:06:34,4,0.361344537815126,0.823529411764706,0.949579831932773,0.890756302521008
5.94797143956592,1.37408365695269,4.78258447988827,3987.11172511734,2017-12-07 01:06:35,4,0.361344537815126,0.823529411764706,0.949579831932773,0.890756302521008
5.96700369262,1.33910864534966,4.75483512114068,3988.11166026792,2017-12-07 01:06:36,4,0.361344537815126,0.823529411764706,0.949579831932773,0.890756302521008
6.04684159116768,1.27884987526517,4.76437184288942,3989.11159476544,2017-12-07 01:06:37,4,0.361344537815126,0.823529411764706,0.949579831932773,0.890756302521008
6.2010490091617,1.1920956322618,4.78071219397771,3990.11152853731,2017-12-07 01:06:38,4,0.361344537815126,0.823529411764706,0.949579831932773,0.890756302521008
6.57299505674838,1.03928216821241,4.78391590935539,3991.11146149071,2017-12-07 01:06:39,4,0.361344537815126,0.823529411764706,0.949579831932773,0.890756302521008
6.82179960064511,1.04636628524079,4.80417746973327,3992.11139350773,2017-12-07 01:06:40,4,0.361344537815126,0.823529411764706,0.949579831932773,0.890756302521008
6.83319111933386,1.13919418870576,4.82664321552911,3993.11132454906,2017-12-07 01:06:41,4,0.361344537815126,0.823529411764706,0.949579831932773,0.890756302521008
6.760166034176,1.10808515440939,4.81146905331061,3994.11125462202,2017-12-07 01:06:42,4,0.361344537815126,0.823529411764706,0.949579831932773,0.890756302521008
6.56900616678984,1.10539687396402,4.88493598279194,3995.11118368993,2017-12-07 01:06:43,4,0.361344537815126,0.823529411764706,0.949579831932773,0.890756302521008
6.75383478201085,1.21605534266194,4.84405048844321,3996.11111167763,2017-12-07 01:06:44,4,0.361344537815126,0.823529411764706,0.949579831932773,0.890756302521008
6.9753273481662,1.31737361443868,4.82791541734294,3997.11103865498,2017-12-07 01:06:45,4,0.361344537815126,0.823529411764706,0.949579831932773,0.890756302521008
7.24122704200536,1.4284126228443,4.80753918236159,3998.11096466821,2017-12-07 01:06:46,4,0.361344537815126,0.823529411764706,0.949579831932773,0.890756302521008
7.38216624748511,1.56987281529431,4.78836263523173,3999.11088977252,2017-12-07 01:06:47,4,0.361344537815126,0.823529411764706,0.949579831932773,0.890756302521008
7.44157443227993,1.66770192586114,4.81436055564983,4000.11081404056,2017-12-07 01:06:48,4,0.361344537815126,0.823529411764706,0.949579831932773,0.890756302521008
7.64201948684387,1.82564633354042,4.82866692889827,4001.11073747746,2017-12-07 01:06:49,4,0.361344537815126,0.823529411764706,0.949579831932773,0.890756302521008
7.69464669706084,1.91882416017445,4.73584865479337,4002.11066013477,2017-12-07 01:06:50,4,0.361344537815126,0.823529411764706,0.949579831932773,0.890756302521008
7.73601661601556,2.02839167635952,4.66411874569601,4003.11058213569,2017-12-07 01:06:51,4,0.361344537815126,0.823529411764706,0.949579831932773,0.890756302521008
7.78694598964553,1.78588392340552,4.65462684405512,4004.1105035896,2017-12-07 01:06:52,4,0.361344537815126,0.823529411764706,0.949579831932773,0.890756302521008
8.00628394405485,1.60729145883596,4.66753079476271,4005.11042446295,2017-12-07 01:06:53,4,0.361344537815126,0.823529411764706,0.949579831932773,0.890756302521008
8.07202270097372,1.52864030335755,4.71279273915092,4006.11034473579,2017-12-07 01:06:54,4,0.361344537815126,0.823529411764706,0.949579831932773,0.890756302521008
8.10321850067039,1.47425319152992,4.78710712421112,4007.11026442012,2017-12-07 01:06:55,4,0.361344537815126,0.823529411764706,0.949579831932773,0.890756302521008
8.21412849851288,1.39700883160095,4.73894078794582,4008.11018351567,2017-12-07 01:06:56,4,0.361344537815126,0.823529411764706,0.949579831932773,0.890756302521008
8.00624218794689,1.31735597886101,4.68982949709601,4009.11010211414,2017-12-07 01:06:57,4,0.361344537815126,0.823529411764706,0.949579831932773,0.890756302521008
8.12336768785388,1.39564592981215,4.62687650446652,4010.11002031258,2017-12-07 01:06:58,4,0.361344537815126,0.823529411764706,0.949579831932773,0.890756302521008
7.99496554220574,1.39007850453708,4.58849608305896,4011.10993828303,2017-12-07 01:06:59,4,0.361344537815126,0.823529411764706,0.949579831932773,0.890756302521008
8.14320502867159,1.55200622744687,4.57585625456385,4012.10985612664,2017-12-07 01:07:00,4,0.361344537815126,0.823529411764706,0.949579831932773,0.890756302521008
8.22981753394507,1.67372077099822,4.60268326082639,4013.10977402096,2017-12-07 01:07:01,4,0.361344537815126,0.823529411764706,0.949579831932773,0.890756302521008
8.44467036579858,1.64942035075845,4.64243696573182,4014.10969207557,2017-12-07 01:07:02,4,0.361344537815126,0.823529411764706,0.949579831932773,0.890756302521008
8.75648440370108,1.66891669740604,4.70335393190792,4015.10961028742,2017-12-07 01:07:03,4,0.361344537815126,0.823529411764706,0.949579831932773,0.890756302521008
8.7803480577093,1.7251412894073,4.79123877503152,4016.10952861928,2017-12-07 01:07:04,4,0.361344537815126,0.823529411764706,0.949579831932773,0.890756302521008
8.57852546628256,1.75239791157968,4.85783924383166,4017.10944703619,2017-12-07 01:07:05,4,0.361344537815126,0.823529411764706,0.949579831932773,0.890756302521008
8.82418226463934,1.80265034840187,4.96587439038042,4018.10936551369,2017-12-07 01:07:06,4,0.361344537815126,0.823529411764706,0.949579831932773,0.890756302521008
9.10691621540719,1.80062616719143,5.03889192836828,4019.10928398957,2017-12-07 01:07:07,4,0.361344537815126,0.823529411764706,0.949579831932773,0.890756302521008
9.30270644518999,1.75937409466299,5.13646276342936,4020.10920240329,2017-12-07 01:07:08,4,0.361344537815126,0.823529411764706,0.949579831932773,0.890756302521008
9.53816649422308,1.64268814304429,5.26622895451191,4021.10912065461,2017-12-07 01:07:09,4,0.361344537815126,0.823529411764706,0.949579831932773,0.890756302521008
9.83848314736562,1.66721571333959,5.21923725159839,4022.10903857664,2017-12-07 01:07:10,4,0.361344537815126,0.823529411764706,0.949579831932773,0.890756302521008
9.99828252777449,1.72015567470754,5.16704366574993,4023.10895619697,2017-12-07 01:07:11,4,0.361344537815126,0.823529411764706,0.949579831932773,0.890756302521008
10.1124989777628,1.84550676812267,5.12583768463671,4024.1088735672,2017-12-07 01:07:12,4,0.361344537815126,0.823529411764706,0.949579831932773,0.890756302521008
10.1455258972813,2.0083438779727,5.09734060268316,4025.10879076817,2017-12-07 01:07:13,4,0.361344537815126,0.823529411764706,0.949579831932773,0.890756302521008
10.0118696501506,2.17285459179794,5.09803978266333,4026.10870789266,2017-12-07 01:07:14,4,0.361344537815126,0.823529411764706,0.949579831932773,0.890756302521008
9.9683031025476,2.25876069982683,5.12622962840615,4027.10862501621,2017-12-07 01:07:15,4,0.361344537815126,0.823529411764706,0.949579831932773,0.890756302521008
9.96170207671698,2.27872528202804,5.17494515529142,4028.10854217439,2017-12-07 01:07:16,4,0.361344537815126,0.823529411764706,0.949579831932773,0.890756302521008
9.88296942423744,2.23081737171199,5.25076565822697,4029.10845934729,2017-12-07 01:07:17,4,0.361344537815126,0.823529411764706,0.949579831932773,0.890756302521008
10.251648686384,2.34684564558875,5.30420641919052,4030.10837645869,2017-12-07 01:07:18,4,0.361344537815126,0.823529411764706,0.949579831932773,0.890756302521008
10.4581999206423,2.43601058894274,5.30683596168585,4031.10829351193,2017-12-07 01:07:19,4,0.361344537815126,0.823529411764706,0.949579831932773,0.890756302521008
10.5680381414534,2.47325362276629,5.3145751735211,4032.10821055122,2017-12-07 01:07:20,4,0.361344537815126,0.823529411764706,0.949579831932773,0.890756302521008
10.8228758957556,2.53096097187259,5.31494919927756,4033.10812759756,2017-12-07 01:07:21,4,0.361344537815126,0.823529411764706,0.949579831932773,0.890756302521008
11.315334163944,2.49278461254931,5.35474863615376,4034.10804467952,2017-12-07 01:07:22,4,0.361344537815126,0.823529411764706,0.949579831932773,0.890756302521008
11.5838029053047,2.41269086685087,5.28797735518897,4035.10796173242,2017-12-07 01:07:23,4,0.361344537815126,0.823529411764706,0.949579831932773,0.890756302521008
11.3489818907054,2.50076361754973,5.23805683244711,4036.10787874866,2017-12-07 01:07:24,4,0.361344537815126,0.823529411764706,0.949579831932773,0.890756302521008
11.1198106173544,2.55718038077228,5.21213126313878,4037.10779579886,2017-12-07 01:07:25,4,0.361344537815126,0.823529411764706,0.949579831932773,0.890756302521008
10.993605888247,2.56121013650894,5.2308317924413,4038.10771291758,2017-12-07 01:07:26,4,0.361344537815126,0.823529411764706,0.949579831932773,0.890756302521008
10.8034006826659,2.70460856035082,5.27589823332432,4039.10763008108,2017-12-07 01:07:27,4,0.361344537815126,0.823529411764706,0.949579831932773,0.890756302521008
10.7029215388308,2.85583361319208,5.37542994252857,4040.10754730806,2017-12-07 01:07:28,4,0.361344537815126,0.823529411764706,0.949579831932773,0.890756302521008
10.2656300233438,3.2005266699025,5.33724541597449,4041.10746456243,2017-12-07 01:07:29,4,0.361344537815126,0.823529411764706,0.949579831932773,0.890756302521008
10.0058682121121,3.50672661245361,5.30410179309657,4042.10738197194,2017-12-07 01:07:30,4,0.361344537815126,0.823529411764706,0.949579831932773,0.890756302521008
10.0156343210544,3.6211571647043,5.3231062107888,4043.1072996307,2017-12-07 01:07:31,4,0.361344537815126,0.823529411764706,0.949579831932773,0.890756302521008
9.64113606671292,3.85967002144228,5.34261137781683,4044.10721752484,2017-12-07 01:07:32,4,0.361344537815126,0.823529411764706,0.949579831932773,0.890756302521008
9.26605339655101,4.10248437775805,5.36857183620011,4045.10713570231,2017-12-07 01:07:33,4,0.361344537815126,0.823529411764706,0.949579831932773,0.890756302521008
9.16549028833971,4.2884544663651,5.38130053036197,4046.10705420467,2017-12-07 01:07:34,4,0.361344537815126,0.823529411764706,0.949579831932773,0.890756302521008
9.02785224652158,4.49059660608509,5.36329588014074,4047.10697305116,2017-12-07 01:07:35,4,0.361344537815126,0.823529411764706,0.949579831932773,0.890756302521008
8.96302732292039,4.67728715757524,5.36798218300531,4048.10689228658,2017-12-07 01:07:36,4,0.361344537815126,0.823529411764706,0.949579831932773,0.890756302521008
8.97993289256304,4.83050063504379,5.38426237482163,4049.10681190828,2017-12-07 01:07:37,4,0.361344537815126,0.823529411764706,0.949579831932773,0.890756302521008
9.01359284048796,5.00506864385112,5.39388694771362,4050.10673188975,2017-12-07 01:07:38,4,0.361344537815126,0.823529411764706,0.949579831932773,0.890756302521008
9.15690218821573,5.1268728972022,5.41967197097272,4051.10665220392,2017-12-07 01:07:39,4,0.361344537815126,0.823529411764706,0.949579831932773,0.890756302521008
9.41909832909184,5.22485981751376,5.40814095162175,4052.10657281357,2017-12-07 01:07:40,4,0.361344537815126,0.823529411764706,0.949579831932773,0.890756302521008
9.24180527163947,5.30174818225547,5.43406730392194,4053.1064937069,2017-12-07 01:07:41,4,0.361344537815126,0.823529411764706,0.949579831932773,0.890756302521008
9.0200139762259,5.23632214200303,5.54400481208757,4054.10641478676,2017-12-07 01:07:42,4,0.361344537815126,0.823529411764706,0.949579831932773,0.890756302521008
8.97118617082759,5.2015268981417,5.64507144903745,4055.10633579015,2017-12-07 01:07:43,4,0.361344537815126,0.823529411764706,0.949579831932773,0.890756302521008
8.64573224304286,5.28356792433524,5.69370856232529,4056.10625644445,2017-12-07 01:07:44,4,0.361344537815126,0.823529411764706,0.949579831932773,0.890756302521008
8.033502473122,5.43261577549485,5.73617506821159,4057.10617661539,2017-12-07 01:07:45,4,0.361344537815126,0.823529411764706,0.949579831932773,0.890756302521008
7.49042882371167,5.46537244638956,5.82420886212267,4058.10609625047,2017-12-07 01:07:46,4,0.361344537815126,0.823529411764706,0.949579831932773,0.890756302521008
7.50155394093897,5.55609946565693,5.74684640556452,4059.10601521575,2017-12-07 01:07:47,4,0.361344537815126,0.823529411764706,0.949579831932773,0.890756302521008
7.33633792674877,5.54914582774141,5.58370777951015,4060.1059335547,2017-12-07 01:07:48,4,0.361344537815126,0.823529411764706,0.949579831932773,0.890756302521008
6.80375287099502,5.37619248126322,5.45077571062982,4061.10585140744,2017-12-07 01:07:49,4,0.361344537815126,0.823529411764706,0.949579831932773,0.890756302521008
6.25017314337184,5.3571496146291,5.40110837820512,4062.10576890911,2017-12-07 01:07:50,4,0.361344537815126,0.823529411764706,0.949579831932773,0.890756302521008
6.04644391414392,5.47327704119597,5.33668431796074,4063.10568612474,2017-12-07 01:07:51,4,0.361344537815126,0.823529411764706,0.949579831932773,0.890756302521008
5.69702059821969,5.4914608914767,5.28616358183019,4064.10560311417,2017-12-07 01:07:52,4,0.361344537815126,0.823529411764706,0.949579831932773,0.890756302521008
5.49911242871312,5.46278038008629,5.27084762386021,4065.10551992733,2017-12-07 01:07:53,4,0.361344537815126,0.823529411764706,0.949579831932773,0.890756302521008
5.28376564934176,5.44860390348557,5.23618263644159,4066.10543660413,2017-12-07 01:07:54,4,0.361344537815126,0.823529411764706,0.949579831932773,0.890756302521008
5.1185597267049,5.42702121302349,5.20336745565629,4067.10535321206,2017-12-07 01:07:55,4,0.361344537815126,0.823529411764706,0.949579831932773,0.890756302521008
5.11863737092898,5.42366598259526,5.20191372722951,4068.10526981078,2017-12-07 01:07:56,4,0.361344537815126,0.823529411764706,0.949579831932773,0.890756302521008
4.93520132543999,5.51351014320645,5.22693858055083,4069.10518643009,2017-12-07 01:07:57,4,0.361344537815126,0.823529411764706,0.949579831932773,0.890756302521008
4.86283250138628,5.56615395034608,5.20809375974788,4070.10510303572,2017-12-07 01:07:58,4,0.361344537815126,0.823529411764706,0.949579831932773,0.890756302521008
